{"cameraMode":{"drawMode":0,"name":"Shaded","section":"Shading Mode"},"sceneLighting":true,"audioPlay":false,"sceneViewState":{"m_AlwaysRefresh":false,"showFog":true,"showSkybox":true,"showFlares":true,"showImageEffects":true,"showParticleSystems":true,"showVisualEffectGraphs":true,"m_FxEnabled":true},"in2DMode":false,"pivot":{"x":-11.598487854003907,"y":2.1310720443725588,"z":7.548757553100586},"rotation":{"x":-0.08973806351423264,"y":-0.2678782343864441,"z":0.02507081814110279,"w":-0.9589427709579468},"size":16.450876235961915,"orthographic":false}