{"cameraMode":{"drawMode":0,"name":"Shaded","section":"Shading Mode"},"sceneLighting":false,"audioPlay":false,"sceneViewState":{"m_AlwaysRefresh":false,"showFog":true,"showSkybox":false,"showFlares":true,"showImageEffects":true,"showParticleSystems":true,"showVisualEffectGraphs":true,"m_FxEnabled":true},"in2DMode":false,"pivot":{"x":-3.9815783500671388,"y":0.014768600463867188,"z":2.049860954284668},"rotation":{"x":-0.11722181737422943,"y":-0.26131418347358706,"z":0.031991567462682727,"w":-0.9575813412666321},"size":19.277517318725587,"orthographic":false}