{"count":1,"self":278.74403839999997,"total":723.0882822,"children":{"AgentSendState":{"count":209617,"self":6.8242704,"total":15.675832799999998,"children":{"CollectObservations":{"count":503088,"self":2.2910972,"total":2.2910971,"children":null},"CollectDiscreteActionMasks":{"count":503088,"self":0.81402239999999992,"total":0.81402239999999992,"children":null},"AgentInfo.ToProto":{"count":503088,"self":2.7276811999999997,"total":5.7464426999999993,"children":{"GenerateSensorData":{"count":503088,"self":3.0187616,"total":3.0187614999999997,"children":null}}}}},"DecideAction":{"count":209617,"self":412.98664959999996,"total":412.9866561,"children":null},"AgentAct":{"count":209617,"self":15.626929599999999,"total":15.6797659,"children":{"AgentInfo.ToProto":{"count":2754,"self":0.0278916,"total":0.052836,"children":{"GenerateSensorData":{"count":2754,"self":0.0249444,"total":0.0249444,"children":null}}}}}},"gauges":{"3DBall.CumulativeReward":{"count":2754,"max":100.099045,"min":0.100000143,"runningAverage":17.2935047,"value":100.099045,"weightedAverage":100.071976}},"metadata":{"timer_format_version":"0.1.0","start_time_seconds":"1630715198","unity_version":"2020.3.12f1","command_line_arguments":"D:\\Unity\\2020.3.12f1\\Editor\\Unity.exe -projectpath D:\/Github\/FlappyAI\/FlappyAI -useHub -hubIPC -cloudEnvironment production -hubSessionId 8064f710-0d09-11ec-8a77-37fcae99313d -accessToken frzJ0NoYzB2LYZPOQVy0E6bjTJ_Zhescz7d4JhT_7y4010f","communication_protocol_version":"1.0.0","com.unity.ml-agents_version":"1.0.8","scene_name":"3DBall","end_time_seconds":"1630715921"}}