{"count":1,"self":29.4775808,"total":30.343308,"children":{"InitializeSensors":{"count":12,"self":0.0020044,"total":0.0020044,"children":null},"AgentSendState":{"count":1192,"self":0.049002699999999996,"total":0.091988699999999993,"children":{"CollectObservations":{"count":2868,"self":0.014015699999999999,"total":0.014015699999999999,"children":null},"CollectDiscreteActionMasks":{"count":2868,"self":0.0059092,"total":0.0059092,"children":null},"RequestDecision":{"count":2868,"self":0.023061099999999998,"total":0.023061099999999998,"children":null}}},"DecideAction":{"count":1192,"self":0.66112399999999993,"total":0.66112399999999993,"children":null},"AgentAct":{"count":1192,"self":0.1096099,"total":0.1096099,"children":null}},"gauges":{},"metadata":{"timer_format_version":"0.1.0","start_time_seconds":"1630446857","unity_version":"2020.3.12f1","command_line_arguments":"D:\\Unity\\2020.3.12f1\\Editor\\Unity.exe -projectpath D:\/ml-agents\/Project -useHub -hubIPC -cloudEnvironment production -skipUpgradeDialogs -hubSessionId 2be8ec90-0a1c-11ec-85da-3d20984e696c -accessToken Ga2KYw6xZFrWb5ym4mt3wcRi92947KaWvgr_5u_nK7w010f","communication_protocol_version":"1.0.0","com.unity.ml-agents_version":"1.2.0-preview","scene_name":"3DBall","end_time_seconds":"1630446887"}}