{
    "name": "root",
    "gauges": {
        "3DBallTest123_3DBall.Policy.Entropy.mean": {
            "value": 1.3122535943984985,
            "min": 1.3020182847976685,
            "max": 1.4189382791519165,
            "count": 41
        },
        "3DBallTest123_3DBall.Environment.EpisodeLength.mean": {
            "value": 999.0,
            "min": 21.36802973977695,
            "max": 999.0,
            "count": 41
        },
        "3DBallTest123_3DBall.Policy.ExtrinsicValueEstimate.mean": {
            "value": 9.907814979553223,
            "min": -0.1282750815153122,
            "max": 9.907814979553223,
            "count": 41
        },
        "3DBallTest123_3DBall.Environment.CumulativeReward.mean": {
            "value": 100.00001525878906,
            "min": 1.1356343013137133,
            "max": 100.00001525878906,
            "count": 41
        },
        "3DBallTest123_3DBall.Policy.ExtrinsicReward.mean": {
            "value": 100.00001525878906,
            "min": 1.1356343013137133,
            "max": 100.00001525878906,
            "count": 41
        },
        "3DBallTest123_3DBall.IsTraining.mean": {
            "value": 1.0,
            "min": 1.0,
            "max": 1.0,
            "count": 41
        },
        "3DBallTest123_3DBall.Losses.ValueLoss.mean": {
            "value": 0.010634766891598701,
            "min": 0.010634766891598701,
            "max": 11.542680740356445,
            "count": 39
        },
        "3DBallTest123_3DBall.Losses.PolicyLoss.mean": {
            "value": 0.09776118397712708,
            "min": 0.09302250295877457,
            "max": 0.10558812320232391,
            "count": 39
        },
        "3DBallTest123_3DBall.Policy.LearningRate.mean": {
            "value": 6.5184935920115095e-06,
            "min": 6.5184935920115095e-06,
            "max": 0.0002927795867435634,
            "count": 39
        }
    },
    "metadata": {
        "timer_format_version": "0.1.0",
        "start_time_seconds": "1630715180",
        "python_version": "3.9.6 (tags/v3.9.6:db3ff76, Jun 28 2021, 15:26:21) [MSC v.1929 64 bit (AMD64)]",
        "command_line_arguments": "C:\\Users\\shutm\\AppData\\Local\\Programs\\Python\\Python39\\Scripts\\mlagents-learn config/trainer_config.yaml --run-id=3DBallTest123",
        "mlagents_version": "0.16.1",
        "mlagents_envs_version": "0.16.1",
        "communication_protocol_version": "1.0.0",
        "tensorflow_version": "2.6.0",
        "end_time_seconds": "1630715921"
    },
    "total": 741.1087407,
    "count": 1,
    "self": 0.3920942999999397,
    "children": {
        "run_training.setup": {
            "total": 0.010054100000000066,
            "count": 1,
            "self": 0.010054100000000066
        },
        "TrainerController.start_learning": {
            "total": 740.7065923,
            "count": 1,
            "self": 40.017484099995045,
            "children": {
                "TrainerController._reset_env": {
                    "total": 18.230034600000003,
                    "count": 1,
                    "self": 18.230034600000003
                },
                "TrainerController.advance": {
                    "total": 681.6880171000049,
                    "count": 44066,
                    "self": 0.8924884000083466,
                    "children": {
                        "env_step": {
                            "total": 680.7955286999966,
                            "count": 44066,
                            "self": 622.4924347000056,
                            "children": {
                                "SubprocessEnvManager._take_step": {
                                    "total": 57.37528499999783,
                                    "count": 44066,
                                    "self": 2.70369330000824,
                                    "children": {
                                        "NNPolicy.evaluate": {
                                            "total": 54.67159169998959,
                                            "count": 41922,
                                            "self": 54.67159169998959
                                        }
                                    }
                                },
                                "workers": {
                                    "total": 0.927808999993168,
                                    "count": 44066,
                                    "self": 0.0,
                                    "children": {
                                        "worker_root": {
                                            "total": 719.1634911999963,
                                            "count": 44066,
                                            "is_parallel": true,
                                            "self": 255.97372049999484,
                                            "children": {
                                                "steps_from_proto": {
                                                    "total": 0.0005771999999986122,
                                                    "count": 1,
                                                    "is_parallel": true,
                                                    "self": 0.00013659999999759975,
                                                    "children": {
                                                        "_process_vector_observation": {
                                                            "total": 0.0004406000000010124,
                                                            "count": 2,
                                                            "is_parallel": true,
                                                            "self": 0.0004406000000010124
                                                        }
                                                    }
                                                },
                                                "UnityEnvironment.step": {
                                                    "total": 463.18919350000147,
                                                    "count": 44066,
                                                    "is_parallel": true,
                                                    "self": 11.38473990000466,
                                                    "children": {
                                                        "UnityEnvironment._generate_step_input": {
                                                            "total": 15.152096399998282,
                                                            "count": 44066,
                                                            "is_parallel": true,
                                                            "self": 15.152096399998282
                                                        },
                                                        "communicator.exchange": {
                                                            "total": 412.96706940000297,
                                                            "count": 44066,
                                                            "is_parallel": true,
                                                            "self": 412.96706940000297
                                                        },
                                                        "steps_from_proto": {
                                                            "total": 23.685287799995553,
                                                            "count": 44066,
                                                            "is_parallel": true,
                                                            "self": 6.727579899989028,